{
    "0.5": 0.8828,
    "0.1": 0.0078125,
    "0.2": 0.02734375,
    "0.3": 0.09375,
    "0.4": 0.3203125,
    "0.6": 1.0,
    "0.55": 0.984375,
    "0.45": 0.6484375,
    "0.35": 0.16796875,
    "0.7": 1.0,
    "0.8": 1.0,
    "0.9": 1.0,
    "1.0": 1.0
}