{
    "1.0": 1.0,
    "0.0": 0.0,
    "0.1": 0.015625,
    "0.15": 0.01171875,
    "0.2": 0.04296875,
    "0.25": 0.0859375,
    "0.3": 0.1953125,
    "0.35": 0.296875,
    "0.4": 0.44140625,
    "0.45": 0.80078125,
    "0.5": 0.91796875,
    "0.55": 1.0,
    "0.6": 1.0,
    "0.8": 1.0
}